sample_id,target,period,document_index,token_index,context
attack_nn-1810-1860-01,attack_nn,1810-1860,105419,7,i be read last evening of the [attack] of agathocles upon carthage when find his inferiority of number and that he have not arm enough for his man
attack_nn-1810-1860-02,attack_nn,1810-1860,148356,10,we may form some idea of the nature of this [attack] from what the emperor say about it afterwards
attack_nn-1810-1860-03,attack_nn,1810-1860,155066,32,than the enmity of the other party <nul> de villiae at length become satisfied that he could not stand the [attack] of the press and must either silence it or retire
attack_nn-1810-1860-04,attack_nn,1810-1860,244711,1,no [attack] follow for three night and for three day and already the garrison be begin to be weary of the watch
attack_nn-1960-2010-01,attack_nn,1960-2010,30579,26,time when we shall move say faustino atem gualdit a leader of a breakaway rebel group warning of an imminent [attack] on the main faction of the sudanese people 's liberation army spla a largely non-muslim movement base in the south
attack_nn-1960-2010-02,attack_nn,1960-2010,156239,12,when rachel mott be inform she be sure it be a heart [attack] but after nasa doctor have examine him they assure her that it be mere exhaustion even genius have to rest
attack_nn-1960-2010-03,attack_nn,1960-2010,243444,24,the unlimited power of the commander in chief to take preemptive action to protect american troop from the threat of [attack] he seek to nullify the congressional power to authorize war
attack_nn-1960-2010-04,attack_nn,1960-2010,262399,9,other theory be that the horse have a heart [attack] or suffer a sudden cramp from some traumatic exhaustion
bag_nn-1810-1860-01,bag_nn,1810-1860,46381,5,i then take out the [bag] of dollar and lock them up my private drawer think to have some fun when she come home
bag_nn-1810-1860-02,bag_nn,1810-1860,55944,12,we have have enough of the ancient sham and formula the wind [bag] and sand bag the riff-raff and fagends of a past age which claim respectability still although it ought all to
bag_nn-1810-1860-03,bag_nn,1810-1860,76178,12,the basket be leave at the end of a row and both [bag] take along when one bag be as full as it can well be cram it be lay down in the
bag_nn-1810-1860-04,bag_nn,1810-1860,187658,15,long before the festivity be over my companion and myself stretch ourselves on a wide [bag] of straw and fall asleep lull by the scream of the dancer
bag_nn-1960-2010-01,bag_nn,1960-2010,27458,9,frank 's brother be dead stretch out under a [bag] of money
bag_nn-1960-2010-02,bag_nn,1960-2010,32355,13,she could collect food for x yes line her purse with that plastic [bag] she carry and slip food into it at the table but this mean that peter would have to make still
bag_nn-1960-2010-03,bag_nn,1960-2010,101762,42,of stretch for the throw take it right on the bag and maybe even on the wrong side of the [bag] to give the guy more time
bag_nn-1960-2010-04,bag_nn,1960-2010,256580,28,five six-or ten-quart container consist of a cardboard box shape to fit easily into the refrigerator inside be a plastic [bag] with a dispense nozzle
ball_nn-1810-1860-01,ball_nn,1810-1860,80892,13,charles act as le beaux suggest and fire at the distance mention the [ball] strike him high than he intend to hit him but it give him a bad wind however and bring him
ball_nn-1810-1860-02,ball_nn,1810-1860,113645,13,add some butter roll in hour and if you choose some small force-meat [ball]
ball_nn-1810-1860-03,ball_nn,1810-1860,134200,15,it be one of their maxim to sell to woman for that save advertising cotton [ball] pin needle and tape and such thing as all know the price of at half price but tuck it on
ball_nn-1810-1860-04,ball_nn,1810-1860,164710,14,such strange thing as they know how to make they know everything calico and [ball] of thread and a thousand thing more strange '
ball_nn-1960-2010-01,ball_nn,1960-2010,35029,11,neighborhood whenever you need a couple of yard you give the [ball] to furco
ball_nn-1960-2010-02,ball_nn,1960-2010,153560,2,oh luciile [ball] be in the book too but her former husband of 20 year come through as the business brain of the
ball_nn-1960-2010-03,ball_nn,1960-2010,195444,26,cup promo with accompanying u2 music we see kid kick ball and wonder why they be n't throw or shoot [ball]
ball_nn-1960-2010-04,ball_nn,1960-2010,306810,9,and chrysler and all the other be take the [ball] away from the government
bit_nn-1810-1860-01,bit_nn,1810-1860,121450,9,and a magnifying-glass abroad after flower and butterfly or [bit] of variegated flint and there another group their cheek flush with joy and their eye light with girlish hope ascending
bit_nn-1810-1860-02,bit_nn,1810-1860,128217,52,the little pile of book that be always on my table at home then the quilt the girl make of [bit] of their pretty frock be on my bed
bit_nn-1810-1860-03,bit_nn,1810-1860,220784,38,be in them and as the groom lead him by the tighten rein he struggle fiercely and champ the bright [bit] in wrath shake from his mouth gout of foam which spot his dark black hide like flake of loose snow
bit_nn-1810-1860-04,bit_nn,1810-1860,241765,6,it would have pass for a [bit] of mexican sculpture if it have be dig up in that part of the world
bit_nn-1960-2010-01,bit_nn,1960-2010,32807,0,[bit] of mucus-covered foam cling to his ear nose and mouth
bit_nn-1960-2010-02,bit_nn,1960-2010,97105,20,the bitterly cold air have find every loose stitch in caroline 's sweater and now be concentrate on the metal [bit] of brassiere that touch her skin
bit_nn-1960-2010-03,bit_nn,1960-2010,100539,4,it be of such [bit] of straw that brick be wilt and expense account save
bit_nn-1960-2010-04,bit_nn,1960-2010,142379,13,the failure of general dynamics to come forth be cause by a little [bit] of several thing say charles lea
chairman_nn-1810-1860-01,chairman_nn,1810-1860,60701,5,dr franklin be the first [chairman] of this committee
chairman_nn-1810-1860-02,chairman_nn,1810-1860,107392,20,denom- /z/ inated the president and the recording officer the secretary though sometimes these officer be designate respectively as the [chairman] and cleric
chairman_nn-1810-1860-03,chairman_nn,1810-1860,108148,13,for a moment the company cease its clamor out of respect to the [chairman] 's cough and have clear his throat with the content of a tumbler of monongahela which seem to stand permanently
chairman_nn-1810-1860-04,chairman_nn,1810-1860,125502,16,the procession move through several street to franklin hall and here when general lafayette alight the [chairman] of the selectmen address him thus -- sir the selectmen of portsmouth in behalf of their fellow citizen most respectfully
chairman_nn-1960-2010-01,chairman_nn,1960-2010,49811,31,new york company stand in the checkout line next to someone who drive a truck for him say bernard marcus [chairman] of home depot the do-it-yourself behemoth base in atlanta
chairman_nn-1960-2010-02,chairman_nn,1960-2010,72191,23,chair the joint chief until <nul> 1 2005 say buy mrap be not on the radar screen when i be [chairman]
chairman_nn-1960-2010-03,chairman_nn,1960-2010,206926,41,platoon of seal on a stealth-grade training mission q-u-i-e-t-l-y undertake at the behest of the secretary of defense and the [chairman] of the joint chief of staff
chairman_nn-1960-2010-04,chairman_nn,1960-2010,213494,25,fdic washington -- the u.s.- senate confirm the nomination of texas banker donald e. powell for a five-year term as [chairman] of the federal deposit insurance corp
circle_vb-1810-1860-01,circle_vb,1810-1860,40702,23,strength strong heart strong think think feeling run their length in a wild grandeur or they passive lay like water [circle] in a wooded bay that take from some slow cloud the quiver light throw from its snowy rift and glitter
circle_vb-1810-1860-02,circle_vb,1810-1860,57509,6,and many be the smile that [circle] the table but winthrop apprehensive of a storm interpose
circle_vb-1810-1860-03,circle_vb,1810-1860,123085,28,into four part and at one fourth make the hne a b across the column on c make the half [circle] a e b with the distance / 1 at the neck of the column and on 1 on the central
circle_vb-1810-1860-04,circle_vb,1810-1860,236859,0,[circle] mountain purple beaming lure his soul to constant dream ever dream ever scheme on and upward be his gaze
circle_vb-1960-2010-01,circle_vb,1960-2010,36916,2,91 nick [circle] back what a waste life
circle_vb-1960-2010-02,circle_vb,1960-2010,238133,15,it show the live feed from the cockpit of one of the fighter-bomber as it [circle] high above petra broadcast around the world via the global community news network
circle_vb-1960-2010-03,circle_vb,1960-2010,245412,7,otis and brady approach each other similarly [circle] in small glidingsteps each move opposite his opponent 's crooked left arm each one 's left elbow down in front
circle_vb-1960-2010-04,circle_vb,1960-2010,280127,1,you [circle] around behind the house on the hill back of it
contemplation_nn-1810-1860-01,contemplation_nn,1810-1860,106366,45,he be that the rival with whom he contend for so great a treasure equally wily and dishonourable have in [contemplation] some new villany which if not seasonably meet would result in equal loss to himself and misery to the maiden
contemplation_nn-1810-1860-02,contemplation_nn,1810-1860,137260,41,go and i have make a covenant with myself not to break out in unreasonable fruitless passion but quicken my [contemplation] whither the noble part be flee to a country afar off where no earthly power bear any sway nor can
contemplation_nn-1810-1860-03,contemplation_nn,1810-1860,169496,48,spiritual elevation where our intellectual gaze upon truth be not separable from the love and ecstacy we feel in the [contemplation] of it
contemplation_nn-1810-1860-04,contemplation_nn,1810-1860,173142,45,without an accent and in her eye there be a more decide expression of self-satisfaction and sarcasm than of holy [contemplation]
contemplation_nn-1960-2010-01,contemplation_nn,1960-2010,15465,37,of a booth elena on one side of the glass he on the other two stranger trap in their silent [contemplation] of each other
contemplation_nn-1960-2010-02,contemplation_nn,1960-2010,296446,16,yet president kennedy this year urge not merely a holiday from labor but a day of [contemplation] point out that awesome peril remain to be face
contemplation_nn-1960-2010-03,contemplation_nn,1960-2010,315978,55,post-scarcity abundance ecological soundness col-lective orientation individual control authenticity sensuality synthesis conflict pleasure hard work interdependency sadness pleasure intuition laziness [contemplation] anger bionics good health change death love community isolation trust ease okness awkwardness ecstasy
contemplation_nn-1960-2010-04,contemplation_nn,1960-2010,339428,34,-- the portrait of a summer-frocked woman who stand in a sunlit rose arbor with her head tilt in dreamy [contemplation] seem to klinger a lifelong bachelor to embody the essence of femininity -- when it occur to him that there
donkey_nn-1810-1860-01,donkey_nn,1810-1860,12896,29,into a most refreshing solemnity remind you of some strange creation of fabulous history link the prominent characteristic of the [donkey] and the owl
donkey_nn-1810-1860-02,donkey_nn,1810-1860,71875,18,but tender and delicate as she look she would have walk by the side of e2 /z/ her [donkey] and tired down the strong man
donkey_nn-1810-1860-03,donkey_nn,1810-1860,142277,0,[donkey] bear pannier stuff out with kitchen vegetable and require an ample roadway roughly shoulder aside the throng
donkey_nn-1810-1860-04,donkey_nn,1810-1860,153530,2,domenico the [donkey] bring now for our ride
donkey_nn-1960-2010-01,donkey_nn,1960-2010,48228,12,if only jesus have n't already ride off on one of those [donkey] he seem to have commandeer
donkey_nn-1960-2010-02,donkey_nn,1960-2010,49833,37,employ a georgian man 's choir a berber woman 's choir gypsy and a menagerie of 12 breed of horse [donkey] and goose all perform together in harmony pigeon and pencil a commission symphonic work perform by young musician from antwerp
donkey_nn-1960-2010-03,donkey_nn,1960-2010,313397,11,but the governor run afoul a recalcitrant coy and a balky [donkey]
donkey_nn-1960-2010-04,donkey_nn,1960-2010,352560,1,a [donkey] pull a heavily load wooden cart press her into the roughly textured coral rag
edge_nn-1810-1860-01,edge_nn,1810-1860,119744,42,buy him a small farm and when we get to buffalo we strike down south and settle just on the [edge] of lake erie
edge_nn-1810-1860-02,edge_nn,1810-1860,155676,11,hold out his hand cant you let a fellow see the [edge]
edge_nn-1810-1860-03,edge_nn,1810-1860,197345,6,the minstrel 's side be all [edge] today say media
edge_nn-1810-1860-04,edge_nn,1810-1860,243346,11,another chisel draught be then make along one of the adjacent [edge] as b c and the end of the two be connect by another draught as ac a fourth draught be
edge_nn-1960-2010-01,edge_nn,1960-2010,136242,10,i take my hand away and sit up on the [edge] of the bed stare
edge_nn-1960-2010-02,edge_nn,1960-2010,180222,21,look at me her eye bright with ambivalence love or affectionor perhaps only nostalgia and cut through that tenderness an [edge] of hatred
edge_nn-1960-2010-03,edge_nn,1960-2010,225790,24,seam arc form with one of the following combination of contour on the scant edge of each piece 1 concave [edge] seam to another concave edge 2 convex edge seam to another convex edge 3 concave edge seam to a convex
edge_nn-1960-2010-04,edge_nn,1960-2010,324674,13,financial company believe online banking will lower transaction cost and give them an [edge] over competitor
face_nn-1810-1860-01,face_nn,1810-1860,22426,12,edward do not add to your guilt by deny it in the [face] of these proof say his father
face_nn-1810-1860-02,face_nn,1810-1860,136217,5,he gaze in henry 's [face] then around the room at the fire and again on the young man 's face and the muscle of his
face_nn-1810-1860-03,face_nn,1810-1860,188309,17,come hither ' say i take her hand gently and draw her to me so that my [face] be just opposite her bosom
face_nn-1810-1860-04,face_nn,1810-1860,218324,14,then it can n't be very bad exclaim susan the cloud vanish from her [face] she seize the letter and read as follow letter my dear susan it be a long time since i have
face_nn-1960-2010-01,face_nn,1960-2010,21547,7,i have black hair a thin irish [face]
face_nn-1960-2010-02,face_nn,1960-2010,89704,9,he rarely speak to the officer be not a [face] or a name that anyone would ever single out
face_nn-1960-2010-03,face_nn,1960-2010,261656,10,from breakfast to midnight our voice sound familiar and our [face] smile or frown into millions of home until we could go nowhere at all without recognition
face_nn-1960-2010-04,face_nn,1960-2010,311960,4,the star keep straight [face] and hold the viewer 's eye through every narrative absurdity and the film be handsome weirde certainly funny than hardly
fiction_nn-1810-1860-01,fiction_nn,1810-1860,15631,17,the weighty moral with which they be load indeed frequently press heavily on the light vehicle of [fiction] give it a coarse business air while the perpetual accommodation of the intrigue to the moral often produce an appearance
fiction_nn-1810-1860-02,fiction_nn,1810-1860,99135,18,few judicious person would probably hesitate to pronounce such a character impossible in nature and as much the [fiction] of a wild imagination as the ogre with an elephant 's head in the arabian night or the beautiful sea-maid
fiction_nn-1810-1860-03,fiction_nn,1810-1860,166276,16,and she have read their work particularly those of scott and of the other writer of [fiction] and could readily sympathize with flora in her appreciation of romantic character
fiction_nn-1810-1860-04,fiction_nn,1810-1860,214761,5,when i hear that idle [fiction] of a murder have nun the form of constance rush have athwart my brain and have unnerve me even to
fiction_nn-1960-2010-01,fiction_nn,1960-2010,72024,6,nonfiction good nonfiction title outnumber good [fiction] this season
fiction_nn-1960-2010-02,fiction_nn,1960-2010,100450,13,author affiliation india edghill live in upstate new york and have sell short [fiction] to catfantastic iv marion zimmer bradley 's fantasy magazine and other anthology and magazine
fiction_nn-1960-2010-03,fiction_nn,1960-2010,146164,18,the battle be not over shore up the wane prestige of the novel no matter how strenuously new [fiction] be celebrate book will continue to lag behind the chic celebrity of popular music and the movie
fiction_nn-1960-2010-04,fiction_nn,1960-2010,265770,29,blind date 1977 the vengeful wanderer tarden of cockpit 1975 and the haunt boy in kosinski 's first and best [fiction] the paint bird
gas_nn-1810-1860-01,gas_nn,1810-1860,91106,20,require little oxygen they could have exist in an atmosphere contain a less proportion of that gas to carbonic acid [gas] than what now obtain
gas_nn-1810-1860-02,gas_nn,1810-1860,105276,36,and metallic mercury if this substance be heat in a tube hermetically seal the decomposition occur as before but the [gas] unable to escape and shut up in a space several hundred time small than it
gas_nn-1810-1860-03,gas_nn,1810-1860,218064,11,in the course of these experiment he become acquaint with nitrogen [gas] or as he call it // phlogistic air which be discover by him and dr.-i rutherford at the same time
gas_nn-1810-1860-04,gas_nn,1810-1860,253628,15,coal have be convert to another use the lighting of street and pyblic building by [gas]
gas_nn-1960-2010-01,gas_nn,1960-2010,106001,6,suddenly she scream step on the [gas] and pull the car forward knock down a barricade and barely miss the guard
gas_nn-1960-2010-02,gas_nn,1960-2010,179079,1,the [gas] have long be recognize as a health threat to uranium miner who suffer abnormally high rate of lung cancer
gas_nn-1960-2010-03,gas_nn,1960-2010,256594,7,the two man be separate from the [gas] explosion by three wall two of brick and one of concrete in the basement of the structure at 89-11 153d
gas_nn-1960-2010-04,gas_nn,1960-2010,264225,0,[gas] shortage become inure to pump price of more than 50 per <nul>
graft_nn-1810-1860-01,graft_nn,1810-1860,21338,3,23 a the [graft] be split in the middle and each side thin away with the knife as in <nul>
graft_nn-1810-1860-02,graft_nn,1810-1860,91861,3,but when a [graft] be take from one of these tree and place upon another stock this graft tree be find to lose its
graft_nn-1810-1860-03,graft_nn,1810-1860,113418,45,prove that although we may once in a thousand trial * succeed in effect these ill assorted union yet the [graft] invariably die after a few month <nul>
graft_nn-1810-1860-04,graft_nn,1810-1860,149695,2,when the [graft] be set it be to be bind with bass-string begin at the bottom and wind it upwards in a gradual
graft_nn-1960-2010-01,graft_nn,1960-2010,61984,2,when these [graft] have be complete by dr.-i leape the second operation be over
graft_nn-1960-2010-02,graft_nn,1960-2010,117818,9,president thieu manage to keep his fingerprint off the [graft] until just before the collapse when time magazine report that he have unsuccessfully attempt to airfreight out of saigon $73
graft_nn-1960-2010-03,graft_nn,1960-2010,282274,4,clarkin can revise those [graft] or replace them
graft_nn-1960-2010-04,graft_nn,1960-2010,341673,16,employee be describe by the investigation department as rare evidence in black and white of petty [graft] in municipal government
head_nn-1810-1860-01,head_nn,1810-1860,33135,15,a reform be then inevitable and the evil have be allow to attain such a [head] that half measure will be // of no avail
head_nn-1810-1860-02,head_nn,1810-1860,150429,11,the poor widow already nearly weigh down by misfortune bow her [head] in silence at this new stroke utter few complaint greet her son on his return home with few reproach save
head_nn-1810-1860-03,head_nn,1810-1860,160377,20,this be the first time that he have ever audibly allude to that event and she thrill and shiver from [head] to foot as he do so now
head_nn-1810-1860-04,head_nn,1810-1860,240681,45,hot ash and die ember with callous foot and stand over the light lift his cap and expose the bare [head] and weather-beaten feature of the leather-stocking
head_nn-1960-2010-01,head_nn,1960-2010,38726,4,the man bob his [head] take a chair and hold out his hand
head_nn-1960-2010-02,head_nn,1960-2010,173921,2,move your [head] move your sternum too and that be what define where the low point of a pendulum-type stroke occur in this
head_nn-1960-2010-03,head_nn,1960-2010,215194,36,on a crowded street or a desertedstretch of beach with a knife in the side or a bullet in the [head]
head_nn-1960-2010-04,head_nn,1960-2010,298672,11,mr.- fulton at once catch jerry 's idea and nod his [head] approvingly
land_nn-1810-1860-01,land_nn,1810-1860,93806,13,' t be a fair land niece of mine a fair and lovely [land] a land of dream a land of magnificent vision overshadow by yon blue mountain of romance
land_nn-1810-1860-02,land_nn,1810-1860,108915,13,myself the pleasure to enclose to you a plot of a tract of [land] which have be cultivate in an unusual manner for this country and which be abandon by its cultivator age ago
land_nn-1810-1860-03,land_nn,1810-1860,168031,11,"amount to $3,104,646 and the total advance to government on the [land] and malt tax and exchequer bill amount to 9,991,678 or <nul> but in 1786 the sum be reduce to 6,634,872"
land_nn-1810-1860-04,land_nn,1810-1860,206325,23,of the rock series refer to an era distinguish by an event of no less importance than the commencement of [land] animal
land_nn-1960-2010-01,land_nn,1960-2010,128600,6,such unpretentiousness be rare in a [land] of easy corruption
land_nn-1960-2010-02,land_nn,1960-2010,169567,19,on the other hand crusoe 's island may be so small or so barren that all his available useful [land] or water area must be press into use
land_nn-1960-2010-03,land_nn,1960-2010,277819,1,much [land] from the great lake to the north to the big river to the south they mark to us forever
land_nn-1960-2010-04,land_nn,1960-2010,284453,1,the [land] fall away abruptly at that point on the ridgeline give the illusion at night that one be perch on the
lane_nn-1810-1860-01,lane_nn,1810-1860,119362,36,the corso and the via della ripetta and though chill narrow gloomy and border with tall and shabby structure the [lane] be not a whit more disagreeable than nine tenths of the roman street
lane_nn-1810-1860-02,lane_nn,1810-1860,123187,20,exclaim kavanagh how could i know that you would be go up the ladder just as i come down the [lane]
lane_nn-1810-1860-03,lane_nn,1810-1860,171370,11,the ponderous vehicle stop short the guard close up form a [lane] from
lane_nn-1810-1860-04,lane_nn,1810-1860,241391,15,have you see captain herbert tracy 's mind as he then ride along the sequester [lane] at the head of his gallant band you would have discover many a bitter
lane_nn-1960-2010-01,lane_nn,1960-2010,6442,45,moscow petersburg a story by macdonald harris 65 stockholm a city of white night and frozen abstract demon the campus [lane] be the nevsky prospekt
lane_nn-1960-2010-02,lane_nn,1960-2010,26907,1,john [lane] have set his last will and testament down on august 8 1868
lane_nn-1960-2010-03,lane_nn,1960-2010,252933,3,the highway three [lane] wide roll out away from the capital
lane_nn-1960-2010-04,lane_nn,1960-2010,313074,16,at four sparrow marsh above on the western side some 80 acre lie right off six [lane] of frantic traffic
lass_nn-1810-1860-01,lass_nn,1810-1860,92967,7,keep thy hood close and let the [lass] alone and it may save thy neck
lass_nn-1810-1860-02,lass_nn,1810-1860,104967,11,but where be the woman with the blue tire and the [lass] cake
lass_nn-1810-1860-03,lass_nn,1810-1860,169930,12,naething tam reply the other but i have to tak ' some [lass] hame frae the market and i think i would come back an ' see some mair o ' the fun
lass_nn-1810-1860-04,lass_nn,1810-1860,188626,28,place he accost them with a gentle voice say a complimentary word for their sign-board with its full-length sailor 's [lass]
lass_nn-1960-2010-01,lass_nn,1960-2010,4407,19,particular portion of the film such as dissect frog in biology class mock marriage in a sex education e [lass] a beer party and the election of homecoming queen produce raucous laughter
lass_nn-1960-2010-02,lass_nn,1960-2010,218206,1,a [lass] or group of pupil and their teacher function as a community of enquiry prentice 1991
lass_nn-1960-2010-03,lass_nn,1960-2010,255650,4,just a simple fisher [lass] head home nothing more
lass_nn-1960-2010-04,lass_nn,1960-2010,267768,7,after a moment 's silence he say [lass] he can not be bury in consecrated ground
multitude_nn-1810-1860-01,multitude_nn,1810-1860,10878,8,grandfather the alarm bell ring and an immense [multitude] rush into king street
multitude_nn-1810-1860-02,multitude_nn,1810-1860,27129,21,reply your home be before you declare for the presence of a spirit which soon make itself acknowledge by the [multitude]
multitude_nn-1810-1860-03,multitude_nn,1810-1860,69868,130,fashion dirk have learn from some popular character or other find it take vastly with the great portion of the [multitude] who it be well know be most gratify when they have it in their power to boast that they be
multitude_nn-1810-1860-04,multitude_nn,1810-1860,242495,53,her fealty to those who like the sun-descended incas be thus endow with the peculiar right to govern the undistinguished [multitude] over a land thus favor but now alas
multitude_nn-1960-2010-01,multitude_nn,1960-2010,71483,17,and when he and his father at last leave the school and go into the snow the [multitude] of flake seem to have be releasedby his profanation
multitude_nn-1960-2010-02,multitude_nn,1960-2010,83032,18,do not sound of music linger entrancingly on the ear whether it be make by man or the [multitude] of the voice of nature
multitude_nn-1960-2010-03,multitude_nn,1960-2010,237540,2,we be [multitude] in pennsylvania mine in alaskan cannery
multitude_nn-1960-2010-04,multitude_nn,1960-2010,249788,8,they be there for a reason actually a [multitude] of reason
ounce_nn-1810-1860-01,ounce_nn,1810-1860,26292,35,of black pepper half an ounce of nutmeg a quarter of an ounce of mace and a quarter of an [ounce] of clove
ounce_nn-1810-1860-02,ounce_nn,1810-1860,88631,18,to a hundred walnut allow a gallon of vinegar an ounce of clove an ounce of allspice an [ounce] of black pepper half an ounce of mace and half an ounce of nutmeg
ounce_nn-1810-1860-03,ounce_nn,1810-1860,110261,6,take of conserve of orange-peel two [ounce] of cinnabar of antimony levigated an ounce and a half of gum guaiac in powder an ounce of winter 's
ounce_nn-1810-1860-04,ounce_nn,1810-1860,203840,42,would then be next to a miracle if silver do not rise to above five shilling and two pence per [ounce] in the market in proportion to the balance of debt against them and their trade circumstance continue to decline as
ounce_nn-1960-2010-01,ounce_nn,1960-2010,111949,10,ho charge that the administration-proposed tax will n't save an [ounce] of gasoline before throw out the standby gas tax the committee vote 10 to 17 to repeat the long-standing income
ounce_nn-1960-2010-02,ounce_nn,1960-2010,135451,49,fruit a-day for the first week then two ounce of bread and four of fruit for another week then three [ounce] of bread and six of fruit for a month
ounce_nn-1960-2010-03,ounce_nn,1960-2010,171916,6,// yield 1 1/2 quart 8 [ounce] have about 45 calory
ounce_nn-1960-2010-04,ounce_nn,1960-2010,206389,6,now mix a solution of 1 [ounce] of borax or soda to every gallon of lukewarm water
part_nn-1810-1860-01,part_nn,1810-1860,28795,2,peculiarly prominent [part] in the whole affair of the slave question they flock to him as their patron and he after much reflection
part_nn-1810-1860-02,part_nn,1810-1860,130099,33,express minerva 's contest with neptune about who should name the city of athens of which there only remain a [part] of a <nul>
part_nn-1810-1860-03,part_nn,1810-1860,159080,9,but now // we can say that those whose [part] and province it be to do this work have do it and do it well
part_nn-1810-1860-04,part_nn,1810-1860,199998,14,such recusant colony would have stand precisely as do the canadas and every other [part] of the british empire
part_nn-1960-2010-01,part_nn,1960-2010,11065,11,or he will put one part of cold water into three [part] of boiling water
part_nn-1960-2010-02,part_nn,1960-2010,171717,20,today say belgian diplomat jean-paul van bellinghen our only enemy be among us-those who be not ready to sacrifice a [part] of their independence to cooperate in a common work
part_nn-1960-2010-03,part_nn,1960-2010,214268,0,[part] of the reason be practi- cal compose a successful capriccio hone a painter 's skill in composition since the capriccio
part_nn-1960-2010-04,part_nn,1960-2010,298445,2,it be [part] of the etiquette of the medical profession in the united state that physician abstain from smoke during an interview examination
pin_vb-1810-1860-01,pin_vb,1810-1860,37926,26,a prisoner mammy sit down and take the child in her lap she take off her own warm shawl and [pin] it carefully around her and as she stoop to kiss her agnes see the tear upon her cheek
pin_vb-1810-1860-02,pin_vb,1810-1860,99065,9,carefully cover him with the thin tattered blanket she [pin] a shawl over her head and softly close the door behind her steal forth into the bite night air and
pin_vb-1810-1860-03,pin_vb,1810-1860,132904,16,cry the husband spring upon them with a furious bind and his sword in an instant [pin] the wife and the wretch fialto to the door
pin_vb-1810-1860-04,pin_vb,1810-1860,227983,18,must make the best selection they therefore forego the trouble of form an opinion of their own and [pin] their faith upon the decision or rather the practice of the amateur
pin_vb-1960-2010-01,pin_vb,1960-2010,87482,37,too but i could n't run away scream the way i want to i just force bob to the ground [pin] his arm to his side and kneel on his
pin_vb-1960-2010-02,pin_vb,1960-2010,105446,9,dessa 's voice override the tearful wail seem to [pin] the white woman in the chair
pin_vb-1960-2010-03,pin_vb,1960-2010,132519,5,every time he try to [pin] the think into position to guide it into focus it slip away elude him
pin_vb-1960-2010-04,pin_vb,1960-2010,351600,2,to be [pin] here so near his goal fasten up as a target for an inanimate but cunningly fashion weapon eat into him
plane_nn-1810-1860-01,plane_nn,1810-1860,2837,101,figure or object touch the plane on which it be to be project the place where it touch the projecting [plane] be the projection of that point line or plane of the original figure or object
plane_nn-1810-1860-02,plane_nn,1810-1860,15956,3,reciprocally if a [plane] be parallel to the ground-line its two trace will be parallel to the ground-line
plane_nn-1810-1860-03,plane_nn,1810-1860,25703,10,if a plane be parallel to the horizontal plane this [plane] will not have a horizontal trace and its vertical trace will be parallel to the ground-line
plane_nn-1810-1860-04,plane_nn,1810-1860,153439,20,/z/ all object situate on the earth be in perspective say to be on the same plane call the ground [plane]
plane_nn-1960-2010-01,plane_nn,1960-2010,49692,11,all right then she say and tell us which gate the [plane]
plane_nn-1960-2010-02,plane_nn,1960-2010,106722,4,although it deploy ground-attack [plane] to fight off an invasion by iraqi tank the air force decide that the best defense be a good offense
plane_nn-1960-2010-03,plane_nn,1960-2010,226558,18,a .50 caliber pepper the plane with little hole and if one hit a sensitive part of the [plane] it may crash
plane_nn-1960-2010-04,plane_nn,1960-2010,234883,16,it seem to me a very human sound much more human than the sound of jet [plane] and thunder always remind me of what it feel like to be young
player_nn-1810-1860-01,player_nn,1810-1860,18212,10,society have raise a bar between the preacher and the [player] perhaps it would have be better have it never exist but as it be i would not advise your son
player_nn-1810-1860-02,player_nn,1810-1860,22411,7,mrs.- spiffard as be usual with most [player] pass the morning until late in bed
player_nn-1810-1860-03,player_nn,1810-1860,93746,45,public the hindrance to youthful ambition the lonely hour of intense study the difficulty attend the early effort of the [player] the jealousy and rivalry engender with their long train of concomitant evil be subject with which almost every performer be
player_nn-1810-1860-04,player_nn,1810-1860,115593,28,the ball with his bat but if he strike it so that it be catch by any of the other [player] he be out
player_nn-1960-2010-01,player_nn,1960-2010,225977,8,uncannily position in camera range as he glad-hands [player]
player_nn-1960-2010-02,player_nn,1960-2010,242435,20,dufresne whom lady rhys have allude to as a most agreeable woman even if she do walk bowlegged as cello [player] tend to do
player_nn-1960-2010-03,player_nn,1960-2010,328571,10,a policy that allow unarmed somali to emerge as political [player] and change the somali power balance should have be in effect from the start
player_nn-1960-2010-04,player_nn,1960-2010,350413,2,of pay [player] and owner of exhibition baseball with the game
prop_nn-1810-1860-01,prop_nn,1810-1860,32766,31,which purge the dross of selfishness away and deep he feel that woman 's trusting heart rent from the cherish [prop] which next to christ have be her stay in all adversity would take the balm-cup best from that dear hand
prop_nn-1810-1860-02,prop_nn,1810-1860,58191,24,shield me at the peril of thyself and in the seeming dread necessity do the deed that from its delicate [prop] shake the fair fabric of thy innocent life
prop_nn-1810-1860-03,prop_nn,1810-1860,169078,14,how impotent it must have confess their aid to be who have no better [prop] and buttress to construct than these
prop_nn-1810-1860-04,prop_nn,1810-1860,208127,7,have me its brightest hope its future [prop]
prop_nn-1960-2010-01,prop_nn,1960-2010,37958,5,in the absence of ideological [prop] such compositional arrangement will be all the more need
prop_nn-1960-2010-02,prop_nn,1960-2010,38204,20,she can sit on a rock horse or a tiny wicker chair and ms.- simson will style the portrait with [prop] including porcelain doll flower or marble ball
prop_nn-1960-2010-03,prop_nn,1960-2010,43386,15,yet with this one article he seem to have do more to knock away the [prop] of faith in the reagan program than the huff and puff of all the democratic critic combine
prop_nn-1960-2010-04,prop_nn,1960-2010,211208,22,an energetic talk that leave the more sensitive among us queasy dr.-i moses use a large plaster-of-paris eyeball as a [prop] it swing hideously open in section to reveal the veiny interior of the eye uncomfortably suggest a dissection
quilt_nn-1810-1860-01,quilt_nn,1810-1860,14937,21,be large cover the space occupy by three room on the ground floor and next to the roof so the [quilt] could be conveniently attach to the rafter by rope and thus draw up out of the way in case it
quilt_nn-1810-1860-02,quilt_nn,1810-1860,103110,82,time this same arm of his i say look for all the world like a strip of that same patchwork [quilt]
quilt_nn-1810-1860-03,quilt_nn,1810-1860,112519,17,so back she go to her cabin and from the same red chist take a many-colored patchwork [quilt]
quilt_nn-1810-1860-04,quilt_nn,1810-1860,126445,17,the wonder be that she do n't make a party of whole cloth and not stick her [quilt] in at all
quilt_nn-1960-2010-01,quilt_nn,1960-2010,44085,19,// ' ' yes ' ' say the elderly woman behind the counter as she fold a hand-stitched tumbling-block-design [quilt] ' ' lots of folk stop on their way to the new river
quilt_nn-1960-2010-02,quilt_nn,1960-2010,128857,10,their quilt power of houston be enter in the international [quilt] association 's annual judge show quilt a world of beauty and be one of 350 finalist in the competition that
quilt_nn-1960-2010-03,quilt_nn,1960-2010,165967,4,she then place the [quilt] and the journal deep in the back of her closet and shut the door on them as if she could
quilt_nn-1960-2010-04,quilt_nn,1960-2010,260852,13,be award first place in the group quilt category at the recent international [quilt] festival
rag_nn-1810-1860-01,rag_nn,1810-1860,91334,4,with arm uplift and [rag] flutter in a north-west wind he repeat ho
rag_nn-1810-1860-02,rag_nn,1810-1860,116757,47,bed into the street jest because the family in the roof have go to sleep leavin a pile of old [rag] afire to drive off the musketers
rag_nn-1810-1860-03,rag_nn,1810-1860,133695,7,and i meanwhile have only this coarse [rag] to cover my aching shoulder
rag_nn-1810-1860-04,rag_nn,1810-1860,177132,9,you dirthy owld bit of a blackguard of a [rag] ' say i in an exthremity of rage ' you be not fit for the back of a dacent lad
rag_nn-1960-2010-01,rag_nn,1960-2010,86117,11,the big attendant come out of his office and hand wet [rag] to everybody
rag_nn-1960-2010-02,rag_nn,1960-2010,88864,3,always me and [rag] together on the magazine cover me and rag in the layout mother and daughter pixie twin
rag_nn-1960-2010-03,rag_nn,1960-2010,192783,17,the scattered fragment of the nightmare break loose from her and fall at her foot like incomprehensible [rag]
rag_nn-1960-2010-04,rag_nn,1960-2010,327270,6,only the reeky personal bed and [rag] give off the clue to reigning domesticity
record_nn-1810-1860-01,record_nn,1810-1860,27869,26,to the executive in regard to his stay in washington and the proper period for his departure he put on [record] in
record_nn-1810-1860-02,record_nn,1810-1860,68442,11,be in one particular an exception from all the republic history [record]
record_nn-1810-1860-03,record_nn,1810-1860,156250,26,it particularly to one or two person who be near know that they would put the substance of it on [record] and thus make it know to all mankind
record_nn-1810-1860-04,record_nn,1810-1860,200137,14,who shall describe the scene that follow or if describe who would peruse a [record] so disgraceful to england to france to human nature
record_nn-1960-2010-01,record_nn,1960-2010,35036,12,"// southern cal be marcus allen break another of dorsett 's ncaa [record] by increase his season rush yardage to 1,968 in a 21-3 victory over cal"
record_nn-1960-2010-02,record_nn,1960-2010,58466,23,i would endure anne 's schmaltzy chopin record and anne would listen as best she could to my lee wiley [record]
record_nn-1960-2010-03,record_nn,1960-2010,122451,9,and it be likely to be clock at a [record] average speed in excess of 150 mile an hour
record_nn-1960-2010-04,record_nn,1960-2010,261776,4,the guinness book of [record] do n't even list quilt
relationship_nn-1810-1860-01,relationship_nn,1810-1860,55462,10,mournful and not without tenderness of the intimate and peculiar [relationship] between beatrice and himself
relationship_nn-1810-1860-02,relationship_nn,1810-1860,117994,45,third and instead of exhaust the matter we find ourselves at the root of an infinite series of an immense [relationship] upon which we have only just open and
relationship_nn-1810-1860-03,relationship_nn,1810-1860,152518,43,one who have any stake in the country who have any thing to lose by the disturbance of those happy [relationship] which now subsist between the different state be there one who revere the wisdom and goodness of our father the
relationship_nn-1810-1860-04,relationship_nn,1810-1860,174769,10,nation separate by broad sea be thus place in mutual [relationship]
relationship_nn-1960-2010-01,relationship_nn,1960-2010,108409,23,than any such study however would be the analysis of certain lexical set by mean of which we indicate the [relationship] and process which obtain between object and people
relationship_nn-1960-2010-02,relationship_nn,1960-2010,159929,12,and sense of well-being be link to man 's perception of the [relationship] between food ecology and life expectancy
relationship_nn-1960-2010-03,relationship_nn,1960-2010,325040,35,change lifestyle in tryon n.c. ban be a pioneer in choose such topic as mix marriage birth control and interracial [relationship] as subject for pop fantasy
relationship_nn-1960-2010-04,relationship_nn,1960-2010,342941,4,by contrast the vowel [relationship] in the indo-european language be extensively examine to arrive at current analysis
risk_nn-1810-1860-01,risk_nn,1810-1860,123256,14,alcouz i will go to court and speak in your behalf even at the [risk] of be tear to piece by my enemy
risk_nn-1810-1860-02,risk_nn,1810-1860,200002,9,the captain see that he be run a great [risk] in stand on for if he be bring to his vessel might be seize for infringe the blockade as he
risk_nn-1810-1860-03,risk_nn,1810-1860,208676,15,how could i suffer myself to be entice to break my promise even at the [risk] of never be receive into her favour again if i attend the gaming table
risk_nn-1810-1860-04,risk_nn,1810-1860,228812,57,ill-built wooden shed which have be erect by the russian at great distance from each other often run no little [risk] of suffocation from the smoke of his fire be drive in upon him from every side by the furious gust
risk_nn-1960-2010-01,risk_nn,1960-2010,17732,5,usually such gift heighten your [risk] of run afoul of the alternative minimum tax
risk_nn-1960-2010-02,risk_nn,1960-2010,46879,7,since each pregnancy in a couple at [risk] for mld have a 75 percent chance of produce a healthy baby these test make it possible for mld parent
risk_nn-1960-2010-03,risk_nn,1960-2010,54523,48,rate of injury on super-sidecut than would have be expect consider that base on previous research they show a great [risk] of injury on
risk_nn-1960-2010-04,risk_nn,1960-2010,100368,10,instead of medical chart each of us can expect individualized [risk] profile base on genetics and lifestyle
savage_nn-1810-1860-01,savage_nn,1810-1860,61226,13,look at the vacant countenance the listless sensation the burdensome indolence of the [savage]
savage_nn-1810-1860-02,savage_nn,1810-1860,176463,46,the full speed of their wild horse fill the air with their savage whoop and yell be a band of [savage] in full war array and evidently bend on an immediate attack
savage_nn-1810-1860-03,savage_nn,1810-1860,241723,16,who shall save my helpless child from the fury of the british solider and the indian [savage]
savage_nn-1810-1860-04,savage_nn,1810-1860,252264,6,such be the spirit of the [savage] the carolinians have no alternative but to resume their arm
savage_nn-1960-2010-01,savage_nn,1960-2010,10777,20,say go to sir jakes your just will be the ruin of my bowel and be unfit for all but [savage]
savage_nn-1960-2010-02,savage_nn,1960-2010,13258,22,he have be try patiently to indoctrinate copper with a minimum of civilized habit but she be quite literally a [savage]
savage_nn-1960-2010-03,savage_nn,1960-2010,104719,15,but i will tell you this i will do whatever it take to stop these [savage]
savage_nn-1960-2010-04,savage_nn,1960-2010,149704,17,you have all hear what the creature mylio be up to with the sword now raise those [savage] up to assault the human land andvar shrug
stab_nn-1810-1860-01,stab_nn,1810-1860,30607,21,thee from my view for a time hide it from me that my heart be black enough to meditate the [stab] of a brother
stab_nn-1810-1860-02,stab_nn,1810-1860,131827,10,your deed of all your property to me be another [stab] pierce my very heart
stab_nn-1810-1860-03,stab_nn,1810-1860,201484,5,its indifference be not a [stab] in their bosom the slow bleed of which can only be stifle in the grave
stab_nn-1810-1860-04,stab_nn,1810-1860,237888,13,i do n't deny that there be a pang in it yes a [stab] but there be a prayer too the amen belong to <nul>
stab_nn-1960-2010-01,stab_nn,1960-2010,1683,7,fanny glance at edmund and feel a [stab] pain to see him smile at mary
stab_nn-1960-2010-02,stab_nn,1960-2010,41662,14,there be only so many disenchanted party loyalist who be willing to take a [stab] at an independent candidacy
stab_nn-1960-2010-03,stab_nn,1960-2010,72585,11,sarah jerk her hand away but not before she feel the [stab] of beak and the surge of adrenaline at the attack
stab_nn-1960-2010-04,stab_nn,1960-2010,172215,14,it will soon be over he think and feel her impending departure like a [stab] of pain
stroke_vb-1810-1860-01,stroke_vb,1810-1860,120025,22,moment snobson come up and be introduce to walter who be amused at the scarcely perceptible mustache which be industriously [stroke] by snobson his ponderous chain his enormous ring and his polished tight-fitting shoe
stroke_vb-1810-1860-02,stroke_vb,1810-1860,130233,9,so call from the syllogist himself doubtless say mohi [stroke] his beard
stroke_vb-1810-1860-03,stroke_vb,1810-1860,153130,3,with the least [stroke] of his pen awaken a chord within us which all the learning and logic in the world could never reach
stroke_vb-1810-1860-04,stroke_vb,1810-1860,158729,7,it be only age he say slowly [stroke] his white beard that teach us wisdom and persuade us to renounce the hope of escape ourselves and just as
stroke_vb-1960-2010-01,stroke_vb,1960-2010,95150,1,klein [stroke] his lip as he mull the question
stroke_vb-1960-2010-02,stroke_vb,1960-2010,142964,1,she [stroke] him without look at him she be look out to sea and then from time to time at the man
stroke_vb-1960-2010-03,stroke_vb,1960-2010,154028,30,of water grip the shaft of my penis move easily from the base of the shaft to the tip briefly [stroke] the foreskin just long enough to bring me close to orgasm and then back down the shaft again a gentle
stroke_vb-1960-2010-04,stroke_vb,1960-2010,321283,3,he want to [stroke] her to feel her nakedness beneath her cloak
thump_nn-1810-1860-01,thump_nn,1810-1860,107425,52,i find jim there and tell him my story in a dozen word he bring his hand down with a [thump] on his waistband exclaim je-ru-sa-lem
thump_nn-1810-1860-02,thump_nn,1810-1860,161082,10,and one of the watch on deck after a preliminary [thump] with the large end of a handspike upon the forecastle vociferated down the fore scuttle all the starboard watch ahoy
thump_nn-1810-1860-03,thump_nn,1810-1860,182406,25,door to listen apply their ear to the keyhole and hear as follow turn out your toe forward two tol-de-rol-tiddle [thump] tiddle bump twiddle bang
thump_nn-1810-1860-04,thump_nn,1810-1860,195040,22,know he be the man man here break in doctor drummummupp at the top of his voice and with a [thump] that come
thump_nn-1960-2010-01,thump_nn,1960-2010,74229,5,asha listen to the soft [thump] of footstep as electra walk barefoot down the hallway of the sprawling house
thump_nn-1960-2010-02,thump_nn,1960-2010,124418,5,every so often this muted [thump] be accompany by a light shine out of a little window
thump_nn-1960-2010-03,thump_nn,1960-2010,162432,6,she be march now thump thump [thump] in the rocket shoe
thump_nn-1960-2010-04,thump_nn,1960-2010,342818,4,doctor know that the [thump] and thud inside the body could tell them a great deal.they look for way to hear these sound better
tip_vb-1810-1860-01,tip_vb,1810-1860,116294,16,as he do so the dwarf suddenly wheel his head round on his slender neck and [tip] his one eye curiously up at the face beside him
tip_vb-1810-1860-02,tip_vb,1810-1860,158805,2,in keep [tip] this perpetual warfare upon the spirit of the institution under which they live the moneyed man and their agent the
tip_vb-1810-1860-03,tip_vb,1810-1860,206689,11,another love the spaniard because they have give him a stick [tip] with silver
tip_vb-1810-1860-04,tip_vb,1810-1860,211780,25,height as the preceding flower at the same time flower much large one variety white tip with red another yellow [tip] in the same way all be easily cultivate in a rich loamy soil
tip_vb-1960-2010-01,tip_vb,1960-2010,23389,9,adrienne janney the tribune 's former editor say she [tip] off police about the cut-rate ad
tip_vb-1960-2010-02,tip_vb,1960-2010,100650,3,when horace grant [tip] in a jordan miss the bull have close within 101-100
tip_vb-1960-2010-03,tip_vb,1960-2010,267485,12,but they have take her rock chair away because its motion might [tip] her or its rocker trip her
tip_vb-1960-2010-04,tip_vb,1960-2010,270942,11,so much so that it be a miracle they do n't [tip] over
tree_nn-1810-1860-01,tree_nn,1810-1860,25345,3,the north american [tree] compose the genus magnolia ire certainly among the most splendid production of the forest in any temperate climate and when
tree_nn-1810-1860-02,tree_nn,1810-1860,132775,41,and at the same moment a deep voice be hear chant where the parent stem be break ' neath the [tree] that be old and oaken when the night-wind cool be blow over the life-blood warmly flow by unchanging fate 's
tree_nn-1810-1860-03,tree_nn,1810-1860,160706,20,in that wild and willful hour as i wander have off under passion 's sway i strive to forget each [tree] and flower nor hearken have the bird as it sing by the way '
tree_nn-1810-1860-04,tree_nn,1810-1860,246865,6,in this country almost all fruit [tree] be grow as standard
tree_nn-1960-2010-01,tree_nn,1960-2010,28006,17,at the north end of the lincoln park lagoon high on a hill almost hide amongst the [tree] stand a statue of an exceptionally robust man with his coat drape over one arm and
tree_nn-1960-2010-02,tree_nn,1960-2010,80962,19,if you have n't always be runnin ' around try ' to be the first man to see every [tree] what be you afraid of anyway that if you stay put they might find out about you
tree_nn-1960-2010-03,tree_nn,1960-2010,183152,5,the cathedral-like atmosphere of the [tree] have disappear leave behind a deep all-pervading gloom that seem half haunt
tree_nn-1960-2010-04,tree_nn,1960-2010,220323,0,[tree] that grow upwards of 200 foot have long ago be clear and the better sort of tree have suffer a
twist_nn-1810-1860-01,twist_nn,1810-1860,7279,8,urge the squire toy with a bit of [twist] upon the table
twist_nn-1810-1860-02,twist_nn,1810-1860,182804,18,he know i be the best friend about him whenever they get thing in any kind of a [twist] or a snarl say he major do you unravel that
twist_nn-1810-1860-03,twist_nn,1810-1860,220379,30,cake-making candified sweet-scented confectioner that know the most fashionable and last approve spice use for his cake or the late [twist] and the most graceful curve his candy should be work into
twist_nn-1810-1860-04,twist_nn,1810-1860,221953,29,raise to her own short lock which no process of bind up yet discover could possibly have coax into a [twist] behind her head
twist_nn-1960-2010-01,twist_nn,1960-2010,144606,12,foil malone 's plan and find the treasure just add a unique [twist] to troop 124 's summercamp outing last july
twist_nn-1960-2010-02,twist_nn,1960-2010,252620,2,with a [twist] of a crash bracelet a hoverboard rise from its hide place in the bush
twist_nn-1960-2010-03,twist_nn,1960-2010,257222,8,at a guess a player inject a new [twist] as he lead with a phrase and the other either flatter him with imitation or rebuke him with scowl
twist_nn-1960-2010-04,twist_nn,1960-2010,308867,0,[twist] and turn <nul> roanoke va 540 345-0884
word_nn-1810-1860-01,word_nn,1810-1860,143963,3,charles write me [word] that he be quite change pale and care-worn so different from his usual look he say my uncle have grow
word_nn-1810-1860-02,word_nn,1810-1860,156274,21,the paper be put into my hand i find at the top of them a sheet carefully fold with the [word] preface upon it and when i have leisure to arrange the whole for publication i open it and after some
word_nn-1810-1860-03,word_nn,1810-1860,179173,6,their religion be make of good [word] and bad deed
word_nn-1810-1860-04,word_nn,1810-1860,200828,29,thrust a knife into him writhe himself round on his seat glare fiercely into my eye but answer not a [word]
word_nn-1960-2010-01,word_nn,1960-2010,42943,16,neighbor cop and spectator have gather to watch the scene and jack see the reaction as [word] a neighbor have die sweep through the crowd
word_nn-1960-2010-02,word_nn,1960-2010,66286,13,her soft voice be melodic a tinkling bell but the shock of her [word] steal nella 's breath
word_nn-1960-2010-03,word_nn,1960-2010,286775,5,the same voice the same [word] we hear at the beginning of the film
word_nn-1960-2010-04,word_nn,1960-2010,313758,0,[word] to cardinal jaime ortega alamino archbishop of havana be no triumphalisms please
